<?xml version="1.0" encoding="ISO-8859-1" standalone="no"?> 
<Invoice 
    xmlns="urn:oasis:names:specification:ubl:schema:xsd:Invoice-2" 
    xmlns:cac="urn:oasis:names:specification:ubl:schema:xsd:CommonAggregateComponents-2" 
    xmlns:cbc="urn:oasis:names:specification:ubl:schema:xsd:CommonBasicComponents-2" 
    xmlns:ccts="urn:un:unece:uncefact:documentation:2" 
    xmlns:ds="http://www.w3.org/2000/09/xmldsig#" 
    xmlns:ext="urn:oasis:names:specification:ubl:schema:xsd:CommonExtensionComponents-2" 
    xmlns:qdt="urn:oasis:names:specification:ubl:schema:xsd:QualifiedDatatypes-2" 
    xmlns:sac="urn:sunat:names:specification:ubl:peru:schema:xsd:SunatAggregateComponents-1" 
    xmlns:udt="urn:un:unece:uncefact:data:specification:UnqualifiedDataTypesSchemaModule:2" 
    xmlns:xsi="http://www.w3.org/2001/XMLSchema-instance"> 
    <ext:UBLExtensions> 
        <ext:UBLExtension> 
            <ext:ExtensionContent> 
                <sac:AdditionalInformation> 
                    <sac:AdditionalMonetaryTotal> 
                        <cbc:ID>1001</cbc:ID> 
                        <cbc:PayableAmount currencyID="PEN">348199.15</cbc:PayableAmount> 
                    </sac:AdditionalMonetaryTotal> 
                    <sac:AdditionalMonetaryTotal> 
                        <cbc:ID>1003</cbc:ID> 
                        <cbc:PayableAmount currencyID="PEN">12350.00</cbc:PayableAmount> 
                    </sac:AdditionalMonetaryTotal> 
                    <sac:AdditionalMonetaryTotal> 
                        <cbc:ID>1004</cbc:ID> 
                        <cbc:PayableAmount currencyID="PEN">30.00</cbc:PayableAmount> 
                    </sac:AdditionalMonetaryTotal> 
                    <sac:AdditionalMonetaryTotal> 
                        <cbc:ID>2005</cbc:ID> 
                        <cbc:PayableAmount currencyID="PEN">59230.51</cbc:PayableAmount> 
                    </sac:AdditionalMonetaryTotal> 
                    <sac:AdditionalProperty> 
                        <cbc:ID>1000</cbc:ID> 
                        <cbc:Value>TRESCIENTOS VEINTE Y CUATRO MIL SEISCIENTOS SETENTA Y CUATRO  Y 78/100 NUEVOS SOLES</cbc:Value> 
                    </sac:AdditionalProperty> 
                </sac:AdditionalInformation> 
            </ext:ExtensionContent> 
        </ext:UBLExtension> 
        <ext:UBLExtension> 
            <ext:ExtensionContent> 
                <ds:Signature Id="SignatureSP"> 
                    <ds:SignedInfo> 
                        <ds:CanonicalizationMethod Algorithm="http://www.w3.org/TR/2001/REC-xml-c14n-20010315"/> 
                        <ds:SignatureMethod Algorithm="http://www.w3.org/2000/09/xmldsig#rsa-sha1"/> 
                        <ds:Reference URI=""> 
                            <ds:Transforms> 
                                <ds:Transform Algorithm="http://www.w3.org/2000/09/xmldsig#envelopedsignature"/> 
                            </ds:Transforms> 
                            <ds:DigestMethod Algorithm="http://www.w3.org/2000/09/xmldsig#sha1"/> 
                            <ds:DigestValue>+pruib33lOapq6GSw58GgQLR8VGIGqANloj4EqB1cb4=</ds:DigestValue> 
                        </ds:Reference> 
                    </ds:SignedInfo> 
                    <ds:SignatureValue>Oatv5xMfFInuGqiX9SoLDTy2yuLf0tTlMFkWtkdw1z/Ss6kiDz+vIgZhgKfIaxp+JbVy57 
GT52f1 
8D6+WMYZ0xOxTK2mojNkJNewwTTXzqOqrrAlObs9YoS5JAQAMi/TwkR4brNniU9tVwyybirHxw0H 
WVzN2bB43yQd9hOlXzRUYpC8/sXw78h7ME3E/zeu882aOFySOnHWB63imBQGcYBV+LIGR/JW8ER+ 
0VLMLatdwPVRbrWmz1/NIy5CWp1xWMaM6fC/9SXV0O1Lqopk0UeX2I2yuf05QhmVfjgUu6GnS3m6 
o6zM9J36iDvMVZyj7vbJTwI8SfWjTSNqxXlqPQ==</ds:SignatureValue> 
                    <ds:KeyInfo> 
                        <ds:X509Data> 
                            <!-- <ds:X509SubjectName>X509_SUBJECT_TEST</ds:X509SubjectName> --> 
                            <ds:X509Certificate>MIIF9TCCBN2gAwIBAgIGAK0oRTg/MA0GCSqGSIb3DQEBCwUAMFkxCzAJBgNVB 
AYTAlRSMUowSAYD 
VQQDDEFNYWxpIE3DvGjDvHIgRWxla3Ryb25payBTZXJ0aWZpa2EgSGl6bWV0IFNhxJ9sYXnEsWPE 
sXPEsSAtIFRlc3QgMTAeFw0wOTEwMjAxMTM3MTJaFw0xNDEwMTkxMTM3MTJaMIGgMRowGAYDVQQL 
DBFHZW5lbCBNw7xkw7xybMO8azEUMBIGA1UEBRMLMTAwMDAwMDAwMDIxbDBqBgNVBAMMY0F5ZM 
Sx 
biBHcm91cCAtIFR1cml6bSDEsHRoYWxhdCDEsGhyYWNhdCBUZWtzdGlsIMSwbsWfYWF0IFBhemFy 
bGFtYSBEYW7EscWfbWFubMSxayDFnmlya2V0bGVyIEd1cnVidTCCASIwDQYJKoZIhvcNAQEBBQAD 
ggEPADCCAQoCggEBAKDt8WamB8ZCGqkLVP0rzY/BHGEXy8lT56m2dK7tswsvZxZYkV2qLGAxRlIY 
m6BR6bhJ7EWxbEbN+JTvyN+GF+hHjDivfslyAyHFkj0SSzv8ZZueMolkGBMchnk+AVt7NLOWDfQ7 
Z4w8eoKVlTnm/Oc0mwNlD/FA7+kF+ujuqIqTS0+ic69/lCfluzI0tzFB9tj9Q6Uy20+MPy9FVUmo 
4CJOTK0Qop/PgXsshX3fdiK8xha27VYDPTIab2ywu9PTqHj5N/d7j+OviISTcTRhIWtkujUrnjxe 
uYE4Md4TPX/J7FhRD7ydoLoRm+CPwXCNXAq9IuJlw1m9mtch0+6pz90CAwEAAaOCAnkwggJ1MB8G 
A1UdIwQYMBaAFDMWVMTfikyw1eUSpUXYmkw7n/hdMB0GA1UdDgQWBBT7OwFR6wLVKsTw6jL5+Hf1 
s/ZDPTAOBgNVHQ8BAf8EBAMCB4AwggEzBgNVHSAEggEqMIIBJjCCASIGC2CGGAECAQEFBwQBMIIB 
ETAqBggrBgEFBQcCARYeaHR0cDovL2RlcG8ua2FtdXNtLmdvdi50ci9pbGtlMIHiBggrBgEFBQcC 
AjCB1R6B0gBCAHUAIABzAGUAcgB0AGkAZgBpAGsAYQAgAGkAbABlACAAaQBsAGcAaQBsAGkAIABz 
AGUAcgB0AGkAZgBpAGsAYQAgAHUAeQBnAHUAbABhAG0AYQAgAGUAcwBhAHMAbABhAHIBMQBuAT 
EA 
IABvAGsAdQBtAGEAawAgAGkA5wBpAG4AIABiAGUAbABpAHIAdABpAGwAZQBuACAAdwBlAGIAIABz 
AGkAdABlAHMAaQBuAGkAIAB6AGkAeQBhAHIAZQB0ACAAZQBkAGkAbgBpAHoALjAMBgNVHRMBAf8E 
AjAAMBYGA1UdJQQPMA0GC2CGGAECAQEFBzIBMEEGA1UdHwQ6MDgwNqA0oDKGMGh0dHA6Ly9kZX 
Bv 
LmthbXVzbS5nb3YudHIva3VydW1zYWwvbW1lc2hzLXQxLmNybDCBggYIKwYBBQUHAQEEdjB0MDwG 
CCsGAQUFBzAChjBodHRwOi8vZGVwby5rYW11c20uZ292LnRyL2t1cnVtc2FsL21tZXNocy10MS5j 
cnQwNAYIKwYBBQUHMAGGKGh0dHA6Ly9jaXNkdXBtbXQxLmt1cnVtc2FsLmthbXVzbS5nb3YudHIw 
DQYJKoZIhvcNAQELBQADggEBAGCcBJ7cEfYc2MaPchbc1yPXku8V8SOWpjg+jrTXBW98dy9HvciW 
iMwtPnC2DRjdsyGv3bxwRZr9wXMRrMNwRjyFe9JPA7bSscEgaXwzDUG5FCvfS/PNT+XCce+VECAx 
6Q3R1ZRSA49fYz6tDB4Ia5HVBXZODmrCs26XisHF6kuS5N/yGg8E7VC1BRr/SmxXeLTdjQYAfo7l 
xCz4dT6wP5TOiBvF+lyWW1bi9nbliXyb/e5HjCp4k/ra9LTskjbY/Ukl5O8G9JEAViZkjvxDX7T0 
yVRHgMGiioIKVMwU6Lrtln607BNurLwED0OeoZ4wBgkBiB5vXofreXrfN2pHZ24=</ds:X509Certificate> 
                        </ds:X509Data> 
                    </ds:KeyInfo> 
                </ds:Signature> 
            </ext:ExtensionContent> 
        </ext:UBLExtension> 
    </ext:UBLExtensions> 
    <cbc:UBLVersionID>2.0</cbc:UBLVersionID> 
    <cbc:CustomizationID>1.0</cbc:CustomizationID> 
    <cbc:ID>E001-00000001</cbc:ID> 
    <cbc:IssueDate>2016-03-11</cbc:IssueDate> 
    <cbc:InvoiceTypeCode>01</cbc:InvoiceTypeCode> 
    <cbc:DocumentCurrencyCode>PEN</cbc:DocumentCurrencyCode> 
    <cac:Signature> 
        <cbc:ID>IDSignSP</cbc:ID> 
        <cac:SignatoryParty> 
            <cac:PartyIdentification> 
                <cbc:ID>20266578572</cbc:ID> 
            </cac:PartyIdentification> 
            <cac:PartyName> 
                <cbc:Name><![CDATA[EITAL S.A]]></cbc:Name> 
            </cac:PartyName> 
        </cac:SignatoryParty> 
        <cac:DigitalSignatureAttachment> 
            <cac:ExternalReference> 
                <cbc:URI>#SignatureSP</cbc:URI> 
            </cac:ExternalReference> 
        </cac:DigitalSignatureAttachment> 
    </cac:Signature> 
    <cac:AccountingSupplierParty> 
        <cbc:CustomerAssignedAccountID>20266578572</cbc:CustomerAssignedAccountID> 
        <cbc:AdditionalAccountID>6</cbc:AdditionalAccountID> 
        <cac:Party> 
            <cac:PostalAddress> 
                <cbc:ID>150131</cbc:ID> 
                <cbc:StreetName>EITAL S.A</cbc:StreetName> 
                <cbc:CitySubdivisionName></cbc:CitySubdivisionName> 
                <cbc:CityName>LIMA</cbc:CityName> 
                <cbc:CountrySubentity>LIMA</cbc:CountrySubentity> 
                <cbc:District>SAN ISIDRO</cbc:District> 
                <cac:Country> 
                    <cbc:IdentificationCode>PE</cbc:IdentificationCode> 
                </cac:Country> 
            </cac:PostalAddress> 
            <cac:PartyLegalEntity> 
                <cbc:RegistrationName><![CDATA[EITAL S.A]]></cbc:RegistrationName> 
            </cac:PartyLegalEntity> 
        </cac:Party> 
    </cac:AccountingSupplierParty> 
    <cac:AccountingCustomerParty> 
        <cbc:CustomerAssignedAccountID>20538422321</cbc:CustomerAssignedAccountID> 
        <cbc:AdditionalAccountID>6</cbc:AdditionalAccountID> 
        <cac:Party> 
            <cac:PartyLegalEntity> 
                <cbc:RegistrationName>SOLIGESTION PERU S.A.C.</cbc:RegistrationName> 
            </cac:PartyLegalEntity> 
        </cac:Party> 
    </cac:AccountingCustomerParty> 
    <cac:TaxTotal> 
        <cbc:TaxAmount currencyID="PEN">49526.66</cbc:TaxAmount> 
        <cac:TaxSubtotal> 
            <cbc:TaxAmount currencyID="PEN">49526.66</cbc:TaxAmount> 
            <cac:TaxCategory> 
                <cac:TaxScheme> 
                    <cbc:ID>1000</cbc:ID> 
                    <cbc:Name>IGV</cbc:Name> 
                    <cbc:TaxTypeCode>VAT</cbc:TaxTypeCode> 
                </cac:TaxScheme> 
            </cac:TaxCategory> 
        </cac:TaxSubtotal> 
    </cac:TaxTotal> 
    <cac:LegalMonetaryTotal> 
        <cbc:PayableAmount currencyID="PEN">324674.78</cbc:PayableAmount> 
    </cac:LegalMonetaryTotal> 

    <cac:InvoiceLine> 
        <cbc:ID>1</cbc:ID> 
        <cbc:InvoicedQuantity unitCode="NIU">2800</cbc:InvoicedQuantity> 
        <cbc:LineExtensionAmount currencyID="PEN">31550.4</cbc:LineExtensionAmount> 
        <cac:PricingReference> 
            <cac:AlternativeConditionPrice> 
                <cbc:PriceAmount currencyID="PEN">13.29624</cbc:PriceAmount> 
                <cbc:PriceTypeCode>01</cbc:PriceTypeCode> 
            </cac:AlternativeConditionPrice> 
        </cac:PricingReference> 
        <cac:TaxTotal> 
            <cbc:TaxAmount currencyID="PEN">5679.072</cbc:TaxAmount> 
            <cac:TaxSubtotal> 
                <cbc:TaxAmount currencyID="PEN">5679.072</cbc:TaxAmount> 
                <cac:TaxCategory> 
                    <cbc:TaxExemptionReasonCode>10</cbc:TaxExemptionReasonCode> 
                    <cac:TaxScheme> 
                        <cbc:ID>1000</cbc:ID> 
                        <cbc:Name>IGV</cbc:Name> 
                        <cbc:TaxTypeCode>VAT</cbc:TaxTypeCode> 
                    </cac:TaxScheme> 
                </cac:TaxCategory> 
            </cac:TaxSubtotal> 
        </cac:TaxTotal> 
        <cac:Item> 
            <cbc:Description>Acero 8.0 mm Fy = 4200 kg/cm2 (L=9)
</cbc:Description> 
            <cac:SellersItemIdentification> 
                <cbc:ID>10070001</cbc:ID> 
            </cac:SellersItemIdentification> 
        </cac:Item> 
        <cac:Price> 
            <cbc:PriceAmount currencyID="PEN">11.268</cbc:PriceAmount> 
        </cac:Price> 
    </cac:InvoiceLine> 

    <cac:InvoiceLine> 
        <cbc:ID>2</cbc:ID> 
        <cbc:InvoicedQuantity unitCode="NIU">400</cbc:InvoicedQuantity> 
        <cbc:LineExtensionAmount currencyID="PEN">32589.56</cbc:LineExtensionAmount> 
        <cac:PricingReference> 
            <cac:AlternativeConditionPrice> 
                <cbc:PriceAmount currencyID="PEN">96.1392</cbc:PriceAmount> 
                <cbc:PriceTypeCode>01</cbc:PriceTypeCode> 
            </cac:AlternativeConditionPrice> 
        </cac:PricingReference> 
        <cac:TaxTotal> 
            <cbc:TaxAmount currencyID="PEN">5866.1208</cbc:TaxAmount> 
            <cac:TaxSubtotal> 
                <cbc:TaxAmount currencyID="PEN">5866.1208</cbc:TaxAmount> 
                <cac:TaxCategory> 
                    <cbc:TaxExemptionReasonCode>10</cbc:TaxExemptionReasonCode> 
                    <cac:TaxScheme> 
                        <cbc:ID>1000</cbc:ID> 
                        <cbc:Name>IGV</cbc:Name> 
                        <cbc:TaxTypeCode>VAT</cbc:TaxTypeCode> 
                    </cac:TaxScheme> 
                </cac:TaxCategory> 
            </cac:TaxSubtotal> 
        </cac:TaxTotal> 
        <cac:Item> 
            <cbc:Description>Acero Corrugado 1"</cbc:Description> 
            <cac:SellersItemIdentification> 
                <cbc:ID>11040085</cbc:ID> 
            </cac:SellersItemIdentification> 
        </cac:Item> 
        <cac:Price> 
            <cbc:PriceAmount currencyID="PEN">81.4739</cbc:PriceAmount> 
        </cac:Price> 
    </cac:InvoiceLine> 

    <cac:InvoiceLine> 
        <cbc:ID>3</cbc:ID> 
        <cbc:InvoicedQuantity unitCode="NIU">2300</cbc:InvoicedQuantity> 
        <cbc:LineExtensionAmount currencyID="PEN">105897.29</cbc:LineExtensionAmount> 
        <cac:PricingReference> 
            <cac:AlternativeConditionPrice> 
                <cbc:PriceAmount currencyID="PEN">54.32991</cbc:PriceAmount> 
                <cbc:PriceTypeCode>01</cbc:PriceTypeCode> 
            </cac:AlternativeConditionPrice> 
        </cac:PricingReference> 
        <cac:TaxTotal> 
            <cbc:TaxAmount currencyID="PEN">19061.5122</cbc:TaxAmount> 
            <cac:TaxSubtotal> 
                <cbc:TaxAmount currencyID="PEN">19061.5122</cbc:TaxAmount> 
                <cac:TaxCategory> 
                    <cbc:TaxExemptionReasonCode>10</cbc:TaxExemptionReasonCode> 
                    <cac:TaxScheme> 
                        <cbc:ID>1000</cbc:ID> 
                        <cbc:Name>IGV</cbc:Name> 
                        <cbc:TaxTypeCode>VAT</cbc:TaxTypeCode> 
                    </cac:TaxScheme> 
                </cac:TaxCategory> 
            </cac:TaxSubtotal> 
        </cac:TaxTotal> 
        <cac:Item> 
            <cbc:Description>Acero Corrugado 3/4"</cbc:Description> 
            <cac:SellersItemIdentification> 
                <cbc:ID>11040089</cbc:ID> 
            </cac:SellersItemIdentification> 
        </cac:Item> 
        <cac:Price> 
            <cbc:PriceAmount currencyID="PEN">46.0423</cbc:PriceAmount> 
        </cac:Price> 
    </cac:InvoiceLine> 

    <cac:InvoiceLine> 
        <cbc:ID>4</cbc:ID> 
        <cbc:InvoicedQuantity unitCode="NIU">3715</cbc:InvoicedQuantity> 
        <cbc:LineExtensionAmount currencyID="PEN">42442.0175</cbc:LineExtensionAmount> 
        <cac:PricingReference> 
            <cac:AlternativeConditionPrice> 
                <cbc:PriceAmount currencyID="PEN">13.48091</cbc:PriceAmount> 
                <cbc:PriceTypeCode>01</cbc:PriceTypeCode> 
            </cac:AlternativeConditionPrice> 
        </cac:PricingReference> 
        <cac:TaxTotal> 
            <cbc:TaxAmount currencyID="PEN">7639.56315</cbc:TaxAmount> 
            <cac:TaxSubtotal> 
                <cbc:TaxAmount currencyID="PEN">7639.56315</cbc:TaxAmount> 
                <cac:TaxCategory> 
                    <cbc:TaxExemptionReasonCode>10</cbc:TaxExemptionReasonCode> 
                    <cac:TaxScheme> 
                        <cbc:ID>1000</cbc:ID> 
                        <cbc:Name>IGV</cbc:Name> 
                        <cbc:TaxTypeCode>VAT</cbc:TaxTypeCode> 
                    </cac:TaxScheme> 
                </cac:TaxCategory> 
            </cac:TaxSubtotal> 
        </cac:TaxTotal> 
        <cac:Item> 
            <cbc:Description>Acero Corrugado 3/8"</cbc:Description> 
            <cac:SellersItemIdentification> 
                <cbc:ID>11040090</cbc:ID> 
            </cac:SellersItemIdentification> 
        </cac:Item> 
        <cac:Price> 
            <cbc:PriceAmount currencyID="PEN">11.4245</cbc:PriceAmount> 
        </cac:Price> 
    </cac:InvoiceLine> 

    <cac:InvoiceLine> 
        <cbc:ID>5</cbc:ID> 
        <cbc:InvoicedQuantity unitCode="NIU">200</cbc:InvoicedQuantity> 
        <cbc:LineExtensionAmount currencyID="PEN">6328.86</cbc:LineExtensionAmount> 
        <cac:PricingReference> 
            <cac:AlternativeConditionPrice> 
                <cbc:PriceAmount currencyID="PEN">37.34027</cbc:PriceAmount> 
                <cbc:PriceTypeCode>01</cbc:PriceTypeCode> 
            </cac:AlternativeConditionPrice> 
        </cac:PricingReference> 
        <cac:TaxTotal> 
            <cbc:TaxAmount currencyID="PEN">1139.1948</cbc:TaxAmount> 
            <cac:TaxSubtotal> 
                <cbc:TaxAmount currencyID="PEN">1139.1948</cbc:TaxAmount> 
                <cac:TaxCategory> 
                    <cbc:TaxExemptionReasonCode>10</cbc:TaxExemptionReasonCode> 
                    <cac:TaxScheme> 
                        <cbc:ID>1000</cbc:ID> 
                        <cbc:Name>IGV</cbc:Name> 
                        <cbc:TaxTypeCode>VAT</cbc:TaxTypeCode> 
                    </cac:TaxScheme> 
                </cac:TaxCategory> 
            </cac:TaxSubtotal> 
        </cac:TaxTotal> 
        <cac:Item> 
            <cbc:Description>Acero Corrugado 5/8"</cbc:Description> 
            <cac:SellersItemIdentification> 
                <cbc:ID>11040091</cbc:ID> 
            </cac:SellersItemIdentification> 
        </cac:Item> 
        <cac:Price> 
            <cbc:PriceAmount currencyID="PEN">31.6443</cbc:PriceAmount> 
        </cac:Price> 
    </cac:InvoiceLine> 

    <cac:InvoiceLine> 
        <cbc:ID>6</cbc:ID> 
        <cbc:InvoicedQuantity unitCode="NIU">5000</cbc:InvoicedQuantity> 
        <cbc:LineExtensionAmount currencyID="PEN">56340</cbc:LineExtensionAmount> 
        <cac:PricingReference> 
            <cac:AlternativeConditionPrice> 
                <cbc:PriceAmount currencyID="PEN">13.29624</cbc:PriceAmount> 
                <cbc:PriceTypeCode>01</cbc:PriceTypeCode> 
            </cac:AlternativeConditionPrice> 
        </cac:PricingReference> 
        <cac:TaxTotal> 
            <cbc:TaxAmount currencyID="PEN">10141.2</cbc:TaxAmount> 
            <cac:TaxSubtotal> 
                <cbc:TaxAmount currencyID="PEN">10141.2</cbc:TaxAmount> 
                <cac:TaxCategory> 
                    <cbc:TaxExemptionReasonCode>10</cbc:TaxExemptionReasonCode> 
                    <cac:TaxScheme> 
                        <cbc:ID>1000</cbc:ID> 
                        <cbc:Name>IGV</cbc:Name> 
                        <cbc:TaxTypeCode>VAT</cbc:TaxTypeCode> 
                    </cac:TaxScheme> 
                </cac:TaxCategory> 
            </cac:TaxSubtotal> 
        </cac:TaxTotal> 
        <cac:Item> 
            <cbc:Description>Acero  C 8.70 mm Fy = 5000 kg/cm2 (L=10m)</cbc:Description> 
            <cac:SellersItemIdentification> 
                <cbc:ID>11060068</cbc:ID> 
            </cac:SellersItemIdentification> 
        </cac:Item> 
        <cac:Price> 
            <cbc:PriceAmount currencyID="PEN">11.268</cbc:PriceAmount> 
        </cac:Price> 
    </cac:InvoiceLine> 

    <cac:InvoiceLine> 
        <cbc:ID>6</cbc:ID> 
        <cbc:InvoicedQuantity unitCode="NIU">5000</cbc:InvoicedQuantity> 
        <cbc:LineExtensionAmount currencyID="PEN">56340</cbc:LineExtensionAmount> 
        <cac:PricingReference> 
            <cac:AlternativeConditionPrice> 
                <cbc:PriceAmount currencyID="PEN">13.29624</cbc:PriceAmount> 
                <cbc:PriceTypeCode>01</cbc:PriceTypeCode> 
            </cac:AlternativeConditionPrice> 
        </cac:PricingReference> 
        <cac:TaxTotal> 
            <cbc:TaxAmount currencyID="PEN">10141.2</cbc:TaxAmount> 
            <cac:TaxSubtotal> 
                <cbc:TaxAmount currencyID="PEN">10141.2</cbc:TaxAmount> 
                <cac:TaxCategory> 
                    <cbc:TaxExemptionReasonCode>10</cbc:TaxExemptionReasonCode> 
                    <cac:TaxScheme> 
                        <cbc:ID>1000</cbc:ID> 
                        <cbc:Name>IGV</cbc:Name> 
                        <cbc:TaxTypeCode>VAT</cbc:TaxTypeCode> 
                    </cac:TaxScheme> 
                </cac:TaxCategory> 
            </cac:TaxSubtotal> 
        </cac:TaxTotal> 
        <cac:Item> 
            <cbc:Description>Acero  C 8.70 mm Fy = 5000 kg/cm2 (L=10m)</cbc:Description> 
            <cac:SellersItemIdentification> 
                <cbc:ID>11060068</cbc:ID> 
            </cac:SellersItemIdentification> 
        </cac:Item> 
        <cac:Price> 
            <cbc:PriceAmount currencyID="PEN">11.268</cbc:PriceAmount> 
        </cac:Price> 
    </cac:InvoiceLine> 
</Invoice>

